LIWC,VADER,corr,pval,n
categoryId,vader_pos,0.009013886897505553,7.237947371304446e-08,356910
categoryId,vader_neg,-0.0053369754587027874,0.0014305036893171707,356910
categoryId,vader_neu,-0.005692854238527493,0.0006713061903489212,356910
categoryId,vader_compound,0.006064133925857173,0.00029137235339548847,356910
caption,vader_pos,-0.0011871079290366757,0.47820091155029143,356910
caption,vader_neg,-0.00031371491951774,0.8513323281120797,356910
caption,vader_neu,0.0013305926297523267,0.4266603386645342,356910
caption,vader_compound,0.005523850198885288,0.0009666100207640515,356910
licensedContent,vader_pos,0.00019395132454536165,0.9077556599881413,356910
licensedContent,vader_neg,0.005201945916985123,0.001885150333606178,356910
licensedContent,vader_neu,-0.0031484958808393887,0.05997589741258591,356910
licensedContent,vader_compound,0.0021097862707345778,0.20751632466582354,356910
embeddable,vader_pos,0.002363040047962585,0.15803150486205814,356910
embeddable,vader_neg,0.001789838818910707,0.28494278319175487,356910
embeddable,vader_neu,-0.0033082768947247003,0.04810638505194762,356910
embeddable,vader_compound,0.001750911745195393,0.2955490879617211,356910
WC,vader_pos,-0.08297480090127805,0.0,356910
WC,vader_neg,0.032623817464000164,1.205264478846792e-84,356910
WC,vader_neu,0.06177745497346121,9.714435097262973e-299,356910
WC,vader_compound,0.03386594412006286,4.540408507205737e-91,356910
Analytic,vader_pos,-0.029541703334645744,1.8629909446910366e-65,334396
Analytic,vader_neg,-0.06167568340063671,4.091044429280473e-279,334396
Analytic,vader_neu,0.06452229522029557,2.5280483388636613e-305,334396
Analytic,vader_compound,0.011340713098165969,5.446893980952634e-11,334396
Clout,vader_pos,0.03496172480991344,6.359788271903273e-72,262981
Clout,vader_neg,-0.09808772998043232,0.0,262981
Clout,vader_neu,0.029963457965661675,2.6364516491402666e-53,262981
Clout,vader_compound,0.05032519909788129,4.787286657513325e-147,262981
Authentic,vader_pos,-0.10360748012594356,0.0,282063
Authentic,vader_neg,-0.018239658451902376,3.3985750353414465e-22,282063
Authentic,vader_neu,0.10983452853471937,0.0,282063
Authentic,vader_compound,-0.07613811221990394,0.0,282063
Tone,vader_pos,0.5031135495255643,0.0,208418
Tone,vader_neg,-0.5690285949205623,0.0,208418
Tone,vader_neu,-0.17256876535822616,0.0,208418
Tone,vader_compound,0.6051389175754595,0.0,208418
WPS,vader_pos,-0.08316283987186536,0.0,356910
WPS,vader_neg,0.032667683430137304,7.215969168296697e-85,356910
WPS,vader_neu,0.061933828992150955,3.028842289760472e-300,356910
WPS,vader_compound,0.03381635302903174,8.282393617062383e-91,356910
BigWords,vader_pos,0.03458356401538116,6.864865829446568e-95,356910
BigWords,vader_neg,-0.03875160887989554,1.163998003293621e-118,356910
BigWords,vader_neu,-0.011425254536048477,8.739517204599355e-12,356910
BigWords,vader_compound,0.0015774072294786347,0.34600270556381557,356910
Dic,vader_pos,0.13022389818894964,0.0,356910
Dic,vader_neg,0.06250059665212057,9.778094753031724e-306,356910
Dic,vader_neu,-0.16170901350206857,0.0,356910
Dic,vader_compound,0.07993672484154665,0.0,356910
Linguistic,vader_pos,-0.0005377123223487543,0.7480295078872256,356910
Linguistic,vader_neg,0.016412689910033935,1.0621049230901353e-22,356910
Linguistic,vader_neu,-0.008825487645954047,1.3450290171163342e-07,356910
Linguistic,vader_compound,0.042761842724246456,4.433375385295059e-144,356910
function,vader_pos,-0.1780266361122909,0.0,356910
function,vader_neg,-0.03906390458777029,1.5004537143903085e-120,356910
function,vader_neu,0.1946607345738191,0.0,356910
function,vader_compound,0.003526418822542998,0.03513922380799937,356910
pronoun,vader_pos,-0.006894944097917714,3.801764497538211e-05,356910
pronoun,vader_neg,-0.0020719416153749223,0.2157845855530844,356910
pronoun,vader_neu,0.007858529070937346,2.6674479407445258e-06,356910
pronoun,vader_compound,0.024354739023398835,5.663554467357592e-48,356910
ppron,vader_pos,-0.028100337983621798,2.8428157056980285e-63,356910
ppron,vader_neg,0.00047627577016441723,0.7760000874276616,356910
ppron,vader_neu,0.026943087355726404,2.5846428513420776e-58,356910
ppron,vader_compound,0.028447721549922998,8.41008917454588e-65,356910
i,vader_pos,-0.021157434277549514,1.2507644660239722e-36,356910
i,vader_neg,-0.001103504338140538,0.5097334160736882,356910
i,vader_neu,0.021118330394383687,1.6832473340541848e-36,356910
i,vader_compound,0.029590758203065896,5.781029816893451e-70,356910
we,vader_pos,-0.026837872035585957,7.127762902594604e-58,356910
we,vader_neg,0.0021689439994530407,0.19505600537683082,356910
we,vader_neu,0.024756556031298043,1.643337837479798e-49,356910
we,vader_compound,-0.005588148309239418,0.0008423722585554234,356910
you,vader_pos,0.041283326005317277,2.039514278949577e-134,356910
you,vader_neg,0.0033697386256144285,0.044099265559674646,356910
you,vader_neu,-0.041898867493633654,2.1281382452304146e-138,356910
you,vader_compound,0.03155638395170596,2.572843453164153e-79,356910
shehe,vader_pos,-0.0027021889565591916,0.10645423273205026,356910
shehe,vader_neg,-0.0025237724450378105,0.13161906924530611,356910
shehe,vader_neu,0.004053568758004527,0.015448850677841986,356910
shehe,vader_compound,0.014539614868149203,3.7319388545629315e-18,356910
they,vader_pos,-0.019119286242816336,3.200836433920651e-30,356910
they,vader_neg,0.014362260719387454,9.429228963068938e-18,356910
they,vader_neu,0.010336646536015327,6.597234869892421e-10,356910
they,vader_compound,-0.00114913265878428,0.49239028467185325,356910
ipron,vader_pos,0.020177662820265826,1.809591574532961e-33,356910
ipron,vader_neg,-0.003293992211440771,0.04908029708093909,356910
ipron,vader_neu,-0.01766414273792597,4.884108291040795e-26,356910
ipron,vader_compound,0.003208467783241976,0.055263436432323274,356910
det,vader_pos,-0.03141457231426509,1.2739007972695976e-78,356910
det,vader_neg,-0.02461907887546519,5.552989483083163e-49,356910
det,vader_neu,0.04444524753920804,1.7010835998853267e-155,356910
det,vader_compound,0.027126166473486597,4.382642418605795e-59,356910
article,vader_pos,-0.0680846867245538,0.0,356910
article,vader_neg,-0.036640528930182895,2.772132156100694e-106,356910
article,vader_neu,0.0868031970606579,0.0,356910
article,vader_compound,-0.0017893492101448468,0.2850745657307831,356910
number,vader_pos,-0.08244564237164413,0.0,356910
number,vader_neg,-0.058644047000602315,2.2914770857310784e-269,356910
number,vader_neu,0.11324092784948835,0.0,356910
number,vader_compound,-0.03885948298164213,2.599620551435975e-119,356910
prep,vader_pos,-0.14744854955012496,0.0,356910
prep,vader_neg,-0.060034765339175164,3.2598840419962665e-282,356910
prep,vader_neu,0.17698664162004482,0.0,356910
prep,vader_compound,-0.005108795462821372,0.002272441060578601,356910
auxverb,vader_pos,-0.13319665144796106,0.0,356910
auxverb,vader_neg,0.02602896865082886,1.523170531694003e-54,356910
auxverb,vader_neu,0.11417836449201989,0.0,356910
auxverb,vader_compound,-0.07005748455264503,0.0,356910
adverb,vader_pos,-0.01599163892383201,1.2442991264235773e-21,356910
adverb,vader_neg,-0.010030344820309409,2.0669939952039735e-09,356910
adverb,vader_neu,0.021198467827138006,9.15345507927277e-37,356910
adverb,vader_compound,0.002384972592306248,0.15420748964844802,356910
conj,vader_pos,-0.020586496293734297,9.053647660945559e-35,356910
conj,vader_neg,0.02462995686261367,5.0441917386783854e-49,356910
conj,vader_neu,0.005910984903059492,0.0004134351658737251,356910
conj,vader_compound,0.03823796094894845,1.383935069561017e-115,356910
negate,vader_pos,-0.10542151608051513,0.0,356910
negate,vader_neg,0.10237336722410488,0.0,356910
negate,vader_neu,0.04380350616918867,4.312453901522582e-151,356910
negate,vader_compound,-0.09759642520270792,0.0,356910
verb,vader_pos,-0.18604452344973646,0.0,356910
verb,vader_neg,0.06271519468515609,7.907196432477205e-308,356910
verb,vader_neu,0.144468815478153,0.0,356910
verb,vader_compound,-0.1112999661820145,0.0,356910
adj,vader_pos,0.3331220227068293,0.0,356910
adj,vader_neg,0.03154174798959151,3.035693276929359e-79,356910
adj,vader_neu,-0.3405840243545177,0.0,356910
adj,vader_compound,0.12491410668140163,0.0,356910
quantity,vader_pos,-0.05638995455269464,3.465671196733323e-249,356910
quantity,vader_neg,-0.041198718242299176,7.115255562219855e-134,356910
quantity,vader_neu,0.0780731227956348,0.0,356910
quantity,vader_compound,0.01805889105715256,3.8556947385043314e-27,356910
Drives,vader_pos,0.13299999705021426,0.0,356910
Drives,vader_neg,0.010525492607036436,3.209898309215765e-10,356910
Drives,vader_neu,-0.13480052018891317,0.0,356910
Drives,vader_compound,0.0670432230130585,0.0,356910
affiliation,vader_pos,0.022638398699781934,1.0938415567087642e-41,356910
affiliation,vader_neg,-0.010690378877443814,1.6939251034708714e-10,356910
affiliation,vader_neu,-0.015837834932089234,3.0098094743731818e-21,356910
affiliation,vader_compound,0.02676478345809496,1.4387256793279792e-57,356910
achieve,vader_pos,0.20074274707908596,0.0,356910
achieve,vader_neg,-0.04490048325008511,1.1688484413947006e-158,356910
achieve,vader_neu,-0.16884635949634913,0.0,356910
achieve,vader_compound,0.13057676437112706,0.0,356910
power,vader_pos,-0.01854330466556566,1.5855543617873826e-28,356910
power,vader_neg,0.08457321745660491,0.0,356910
power,vader_neu,-0.030199702828904638,8.490384772697286e-73,356910
power,vader_compound,-0.061117563296154004,2.0002028575296812e-292,356910
Cognition,vader_pos,-0.1569200072999063,0.0,356910
Cognition,vader_neg,0.019583701005879764,1.2630975606641163e-31,356910
Cognition,vader_neu,0.1408234365101338,0.0,356910
Cognition,vader_compound,-0.07113235320785687,0.0,356910
allnone,vader_pos,-0.007704438864695375,4.167807785123407e-06,356910
allnone,vader_neg,0.04113032377712697,1.950070586512637e-133,356910
allnone,vader_neu,-0.01596254571478606,1.4715223726730473e-21,356910
allnone,vader_compound,-0.005427770209695506,0.0011841610140691362,356910
cogproc,vader_pos,-0.07693516045831524,0.0,356910
cogproc,vader_neg,-0.00939453418531104,1.993301181429692e-08,356910
cogproc,vader_neu,0.07985960646499801,0.0,356910
cogproc,vader_compound,-0.02731658465942545,6.83399064560889e-60,356910
insight,vader_pos,-0.09329881572845516,0.0,356910
insight,vader_neg,-0.010664570237934204,1.8733417399700812e-10,356910
insight,vader_neu,0.096431198901573,0.0,356910
insight,vader_compound,-0.028258015761644887,5.78193707657407e-64,356910
cause,vader_pos,-0.08632182292004374,0.0,356910
cause,vader_neg,0.017674875176875545,4.5616559221128243e-26,356910
cause,vader_neu,0.07353508805376688,0.0,356910
cause,vader_compound,-0.050447799925033676,8.529055359541928e-200,356910
discrep,vader_pos,-0.06091165992815039,1.8077425159653318e-290,356910
discrep,vader_neg,-0.011356318931875524,1.1634344241564924e-11,356910
discrep,vader_neu,0.06545774561798084,0.0,356910
discrep,vader_compound,-0.018906754516987263,1.36968237975088e-29,356910
tentat,vader_pos,-0.06649785006740883,0.0,356910
tentat,vader_neg,-0.006197867433228249,0.0002132757402082225,356910
tentat,vader_neu,0.06793165909363881,0.0,356910
tentat,vader_compound,-0.023216384551337104,9.396843459909706e-44,356910
certitude,vader_pos,0.1395269379419864,0.0,356910
certitude,vader_neg,-0.021385832687541684,2.1835289135213553e-37,356910
certitude,vader_neu,-0.1229516402506875,0.0,356910
certitude,vader_compound,0.06121298749643236,2.467750532215788e-293,356910
differ,vader_pos,-0.09121435453845483,0.0,356910
differ,vader_neg,0.017959835913997066,7.329169260565962e-27,356910
differ,vader_neu,0.07811244558768388,0.0,356910
differ,vader_compound,-0.03784623127529601,2.876136856014902e-113,356910
memory,vader_pos,-0.05073168646848224,4.973254963021478e-202,356910
memory,vader_neg,-0.01605966930139651,8.396274773094643e-22,356910
memory,vader_neu,0.058277710853371203,4.941018593640444e-266,356910
memory,vader_compound,-0.02270048540960667,6.59937720415335e-42,356910
Affect,vader_pos,0.5463649275642507,0.0,356910
Affect,vader_neg,0.18647158288375532,0.0,356910
Affect,vader_neu,-0.6353282288841055,0.0,356910
Affect,vader_compound,0.17076544922599934,0.0,356910
tone_pos,vader_pos,0.6640211827374205,0.0,356910
tone_pos,vader_neg,-0.12772017306586497,0.0,356910
tone_pos,vader_neu,-0.5703618959185275,0.0,356910
tone_pos,vader_compound,0.36662892625848864,0.0,356910
tone_neg,vader_pos,-0.10827031976956841,0.0,356910
tone_neg,vader_neg,0.4872244010290438,0.0,356910
tone_neg,vader_neu,-0.17258615613771022,0.0,356910
tone_neg,vader_compound,-0.27123673024159567,0.0,356910
emotion,vader_pos,0.4278667180443825,0.0,356910
emotion,vader_neg,0.07478562131631417,0.0,356910
emotion,vader_neu,-0.456965210280379,0.0,356910
emotion,vader_compound,0.20724501220825167,0.0,356910
emo_pos,vader_pos,0.4968379303220911,0.0,356910
emo_pos,vader_neg,-0.09690513745447271,0.0,356910
emo_pos,vader_neu,-0.42599481097354575,0.0,356910
emo_pos,vader_compound,0.3172980638336618,0.0,356910
emo_neg,vader_pos,-0.067056615875483,0.0,356910
emo_neg,vader_neg,0.35708781775957094,0.0,356910
emo_neg,vader_neu,-0.1383966593502297,0.0,356910
emo_neg,vader_compound,-0.18544427824748622,0.0,356910
emo_anx,vader_pos,-0.019270358086932518,1.1278518282310949e-30,356910
emo_anx,vader_neg,0.08264070556737854,0.0,356910
emo_anx,vader_neu,-0.028393465794181068,1.4616021013886008e-64,356910
emo_anx,vader_compound,-0.0456984565406481,2.7898933940865858e-164,356910
emo_anger,vader_pos,-0.03396282817894343,1.3994906912061768e-91,356910
emo_anger,vader_neg,0.15012512460473273,0.0,356910
emo_anger,vader_neu,-0.052598938721290484,4.869087552813774e-217,356910
emo_anger,vader_compound,-0.0906302448275664,0.0,356910
emo_sad,vader_pos,-0.03194867961923436,2.967220720692278e-81,356910
emo_sad,vader_neg,0.19724189400940484,0.0,356910
emo_sad,vader_neu,-0.08137378215859753,0.0,356910
emo_sad,vader_compound,-0.09650094973409462,0.0,356910
swear,vader_pos,-0.03341573650132203,1.0306657314702098e-88,356910
swear,vader_neg,0.3681514568100949,0.0,356910
swear,vader_neu,-0.17728152785156637,0.0,356910
swear,vader_compound,-0.18397027649647396,0.0,356910
Social,vader_pos,0.15905406416482368,0.0,356910
Social,vader_neg,0.025776833126121484,1.5847224592056095e-53,356910
Social,vader_neu,-0.16871830429440682,0.0,356910
Social,vader_compound,0.07609449425380066,0.0,356910
socbehav,vader_pos,0.2994221617487797,0.0,356910
socbehav,vader_neg,0.018948402040669634,1.0314493746814838e-29,356910
socbehav,vader_neu,-0.3007723619391913,0.0,356910
socbehav,vader_compound,0.13781977963738307,0.0,356910
prosocial,vader_pos,0.18540129700933894,0.0,356910
prosocial,vader_neg,-0.027086141763919207,6.466385304418291e-59,356910
prosocial,vader_neu,-0.164132951224287,0.0,356910
prosocial,vader_compound,0.08038637435764698,0.0,356910
polite,vader_pos,0.1822159811220675,0.0,356910
polite,vader_neg,-0.04672654965082971,1.137286197298907e-171,356910
polite,vader_neu,-0.1498647839695104,0.0,356910
polite,vader_compound,0.08130030050178623,0.0,356910
conflict,vader_pos,-0.04648908101563376,5.989222267566264e-170,356910
conflict,vader_neg,0.19209078290530568,0.0,356910
conflict,vader_neu,-0.06435970208994593,0.0,356910
conflict,vader_compound,-0.12090103700880858,0.0,356910
moral,vader_pos,-0.018920472341423775,1.2476107377035861e-29,356910
moral,vader_neg,0.12493909602051652,0.0,356910
moral,vader_neu,-0.05282336119843559,7.028666793789079e-219,356910
moral,vader_compound,-0.0664047016248624,0.0,356910
comm,vader_pos,0.08518072071516039,0.0,356910
comm,vader_neg,0.0002567895032980068,0.8780745578212591,356910
comm,vader_neu,-0.08264257134131872,0.0,356910
comm,vader_compound,0.024924456774665434,3.6807848377941654e-50,356910
socrefs,vader_pos,-0.04810615927268169,7.598255193085212e-182,356910
socrefs,vader_neg,0.0015811544513990089,0.3448581700645573,356910
socrefs,vader_neu,0.04568935838835856,3.2377861986178925e-164,356910
socrefs,vader_compound,-0.014928439710086106,4.704920269327559e-19,356910
family,vader_pos,-0.02522335797085968,2.5025773246957875e-51,356910
family,vader_neg,-0.006429346997861249,0.00012251255265442084,356910
family,vader_neu,0.028088783064409772,3.1936297613101136e-63,356910
family,vader_compound,-0.00976373564924176,5.438600511864451e-09,356910
friend,vader_pos,0.024452090848995422,2.414956906840455e-48,356910
friend,vader_neg,0.00327992598067084,0.05005543163575826,356910
friend,vader_neu,-0.025548216261879475,1.299496720898873e-52,356910
friend,vader_compound,0.022802918202336934,2.8585325348435616e-42,356910
female,vader_pos,-0.004227449240679452,0.011551312030504272,356910
female,vader_neg,-0.0042582405608046665,0.010960414992734428,356910
female,vader_neu,0.006517621955609219,9.869341358440468e-05,356910
female,vader_compound,0.010423316638745668,4.747253356050289e-10,356910
male,vader_pos,-0.02328404277944835,5.342795011319507e-44,356910
male,vader_neg,0.0014971097553694768,0.3711079893358341,356910
male,vader_neu,0.021698532676886203,1.9422505064733368e-38,356910
male,vader_compound,-0.010416700205855407,4.868476576245e-10,356910
Culture,vader_pos,-0.03954874615471628,1.6306677327761253e-123,356910
Culture,vader_neg,-0.006401872847624914,0.00013096907627212987,356910
Culture,vader_neu,0.041948106251641984,1.0161576659598951e-138,356910
Culture,vader_compound,-0.02819081358547349,1.1411315267667056e-63,356910
politic,vader_pos,-0.015885439403993954,2.2918865487826894e-21,356910
politic,vader_neg,0.01424759869982214,1.7067155563665282e-17,356910
politic,vader_neu,0.007272677616767589,1.393509926008895e-05,356910
politic,vader_compound,-0.01903027112730664,5.8957974297369125e-30,356910
ethnicity,vader_pos,-0.018708424064425355,5.242210912762995e-29,356910
ethnicity,vader_neg,-0.005690023298899264,0.0006754715663021992,356910
ethnicity,vader_neu,0.02135781864576691,2.7074845371704544e-37,356910
ethnicity,vader_compound,-0.01224558957947678,2.554677492372425e-13,356910
tech,vader_pos,-0.03163483747026937,1.0586129036302828e-79,356910
tech,vader_neg,-0.013249182584603513,2.4598628864765957e-15,356910
tech,vader_neu,0.03818308758969431,2.932334875025841e-115,356910
tech,vader_compound,-0.0186954197157557,5.721669412443644e-29,356910
Lifestyle,vader_pos,0.1227937296563356,0.0,356910
Lifestyle,vader_neg,-0.03157304050016143,2.1311295102211818e-79,356910
Lifestyle,vader_neu,-0.10094507029032226,0.0,356910
Lifestyle,vader_compound,0.0747850649637479,0.0,356910
leisure,vader_pos,0.14369732892590492,0.0,356910
leisure,vader_neg,-0.07279539241495865,0.0,356910
leisure,vader_neu,-0.09771517709159039,0.0,356910
leisure,vader_compound,0.10528952606102922,0.0,356910
home,vader_pos,-0.02896675468635887,4.032247711753785e-67,356910
home,vader_neg,-0.001658035857213182,0.3219102076643588,356910
home,vader_neu,0.028998551033970595,2.898089361743204e-67,356910
home,vader_compound,-0.017256317562523736,6.35071046367275e-25,356910
work,vader_pos,-0.01358605070046024,4.781751813496426e-16,356910
work,vader_neg,-0.01880541339499228,2.7240743690575514e-29,356910
work,vader_neu,0.02386639489211697,3.8717855755863e-46,356910
work,vader_compound,0.0011048693916500222,0.5092099652529011,356910
money,vader_pos,-0.02982047137916652,5.012188816028318e-71,356910
money,vader_neg,-0.000954707678218332,0.5684341849370113,356910
money,vader_neu,0.029425198606774748,3.329108075962232e-69,356910
money,vader_compound,-0.01673364044852439,1.560292465647977e-23,356910
relig,vader_pos,0.039980847476464965,3.468284981985265e-126,356910
relig,vader_neg,0.0842154889305478,0.0,356910
relig,vader_neu,-0.08667910156111058,0.0,356910
relig,vader_compound,-0.01871618484885582,4.975301030403545e-29,356910
Physical,vader_pos,-0.061828943742282,3.1039767976856034e-299,356910
Physical,vader_neg,0.15797229230675028,0.0,356910
Physical,vader_neu,-0.030077036421200288,3.193350846902157e-72,356910
Physical,vader_compound,-0.11657502844118181,0.0,356910
health,vader_pos,-0.0407262563751895,7.278379677067127e-131,356910
health,vader_neg,0.0972013149882823,0.0,356910
health,vader_neu,-0.015910528959199755,1.9846314972407903e-21,356910
health,vader_compound,-0.0696479138846302,0.0,356910
illness,vader_pos,-0.03653124046769237,1.160656190696338e-105,356910
illness,vader_neg,0.10167984757666676,0.0,356910
illness,vader_neu,-0.022522635620607002,2.796021885845389e-41,356910
illness,vader_compound,-0.06309740998891188,1.424698664801e-311,356910
wellness,vader_pos,-0.0029894068650080643,0.0741109908342425,356910
wellness,vader_neg,-0.007626173344129939,5.211843822478128e-06,356910
wellness,vader_neu,0.007237799327010725,1.5319501020514214e-05,356910
wellness,vader_compound,0.0017483397105516856,0.29625907199778706,356910
mental,vader_pos,-0.018411537971232905,3.8084285405255927e-28,356910
mental,vader_neg,0.04118887920647325,8.22667982279886e-134,356910
mental,vader_neu,-0.005624732271657001,0.0007784681108371506,356910
mental,vader_compound,-0.03563261881967971,1.2818886785588348e-100,356910
substances,vader_pos,-0.017626879583151185,6.189238010212345e-26,356910
substances,vader_neg,0.012418991467203232,1.1746821469216441e-13,356910
substances,vader_neu,0.009998342647292355,2.3245510058367896e-09,356910
substances,vader_compound,-0.018798239019514697,2.859552880206754e-29,356910
sexual,vader_pos,0.0006282886859584431,0.707399735990176,356910
sexual,vader_neg,0.017596953899919315,7.483106380830975e-26,356910
sexual,vader_neu,-0.010627100381120382,2.167281921778923e-10,356910
sexual,vader_compound,-0.01777215977789689,2.4515177185536158e-26,356910
food,vader_pos,-0.009240579013467365,3.378437607205938e-08,356910
food,vader_neg,-0.010824590590627365,9.997574473954916e-11,356910
food,vader_neu,0.015112809823568316,1.7297795225567648e-19,356910
food,vader_compound,-0.007633469760324453,5.104806033687404e-06,356910
death,vader_pos,-0.049468581304394105,3.476345439367057e-192,356910
death,vader_neg,0.20619178232475383,0.0,356910
death,vader_neu,-0.06950111113334694,0.0,356910
death,vader_compound,-0.13598696662878004,0.0,356910
need,vader_pos,-0.05106083287706277,1.231490895664401e-204,356910
need,vader_neg,-0.00266714676877862,0.11106990046264238,356910
need,vader_neu,0.05097018042399942,6.455234028937036e-204,356910
need,vader_compound,-0.03011895169368551,2.0319898277934983e-72,356910
want,vader_pos,0.025911020191062346,4.5689753164254057e-54,356910
want,vader_neg,-0.0035616772022943354,0.033352463894919436,356910
want,vader_neu,-0.02306708340698514,3.2478187960100763e-43,356910
want,vader_compound,0.022440602195824902,5.421462139442299e-41,356910
acquire,vader_pos,-0.07176884923439089,0.0,356910
acquire,vader_neg,-0.003306091618482691,0.04825431405709373,356910
acquire,vader_neu,0.07138935505580123,0.0,356910
acquire,vader_compound,-0.03585468471380692,7.468968335524252e-102,356910
lack,vader_pos,0.0028650990942728893,0.08695870892011173,356910
lack,vader_neg,0.00429206631515508,0.010342384973356098,356910
lack,vader_neu,-0.0052190078063879645,0.0018211549522144132,356910
lack,vader_compound,-0.007506354339019861,7.308868744384881e-06,356910
fulfill,vader_pos,-0.01576839153028823,4.472529350752658e-21,356910
fulfill,vader_neg,-0.0013532013788339437,0.41884518063845577,356910
fulfill,vader_neu,0.01603935751323371,9.444263422111131e-22,356910
fulfill,vader_compound,-0.004792214288218432,0.0041969236758885795,356910
fatigue,vader_pos,-0.00373273457941104,0.025746898531452195,356910
fatigue,vader_neg,0.06023095039919766,4.7484595191265594e-284,356910
fatigue,vader_neu,-0.030684473824601665,4.290227838051942e-75,356910
fatigue,vader_compound,-0.020061087123132943,4.204938194277051e-33,356910
reward,vader_pos,0.04140036389228882,3.605991713218019e-135,356910
reward,vader_neg,-0.004618224664001426,0.005797458044193451,356910
reward,vader_neu,-0.03746501499542842,4.913708506004625e-111,356910
reward,vader_compound,0.0311850415289838,1.6710100265953766e-77,356910
risk,vader_pos,0.005666200295315353,0.000711488071111463,356910
risk,vader_neg,0.06560701657019584,0.0,356910
risk,vader_neu,-0.04284792927032711,1.1847868515601516e-144,356910
risk,vader_compound,-0.023121385677680184,2.0705828497436262e-43,356910
curiosity,vader_pos,0.010160996161456402,1.275029469413171e-09,356910
curiosity,vader_neg,-0.002666978658278788,0.11109241835570886,356910
curiosity,vader_neu,-0.008322265285049936,6.628217528489938e-07,356910
curiosity,vader_compound,0.015335857457176224,5.0733974888038925e-20,356910
allure,vader_pos,0.33957599718209164,0.0,356910
allure,vader_neg,-0.09508598421367637,0.0,356910
allure,vader_neu,-0.2747252379035039,0.0,356910
allure,vader_compound,0.21667098552859118,0.0,356910
Perception,vader_pos,-0.02839919579093301,1.3787993373290082e-64,356910
Perception,vader_neg,-0.06271606052983428,7.754723590521476e-308,356910
Perception,vader_neu,0.06321644177372354,9.61555836646e-313,356910
Perception,vader_compound,-0.014231672006421484,1.8526554622075778e-17,356910
attention,vader_pos,-0.050233195534959876,4.0883417425737765e-198,356910
attention,vader_neg,-0.0010921548661795002,0.5140964272193663,356910
attention,vader_neu,0.04927128282993866,1.1385953712644286e-190,356910
attention,vader_compound,-0.01899515379688621,7.496559880161312e-30,356910
motion,vader_pos,-0.10712789458576222,0.0,356910
motion,vader_neg,0.00373143725011033,0.025798396314127163,356910
motion,vader_neu,0.10162670852895822,0.0,356910
motion,vader_compound,-0.06030680893024046,9.220683338190438e-285,356910
space,vader_pos,-0.13081795708599078,0.0,356910
space,vader_neg,-0.04352284949195118,3.4721716485478625e-149,356910
space,vader_neu,0.15147769828395174,0.0,356910
space,vader_compound,-0.06460919992609308,0.0,356910
visual,vader_pos,-0.06436880395918002,0.0,356910
visual,vader_neg,-0.016918716983202818,5.0778788399324756e-24,356910
visual,vader_neu,0.07197324742380234,0.0,356910
visual,vader_compound,-0.025020586554728576,1.5557867014282805e-50,356910
auditory,vader_pos,0.1311772513339246,0.0,356910
auditory,vader_neg,-0.06814613156002049,0.0,356910
auditory,vader_neu,-0.08823666749844732,0.0,356910
auditory,vader_compound,0.09569310362691555,0.0,356910
feeling,vader_pos,0.07418429741144823,0.0,356910
feeling,vader_neg,0.021073838843278302,2.3583217060859408e-36,356910
feeling,vader_neu,-0.08384765028616938,0.0,356910
feeling,vader_compound,-0.012342313288549173,1.6584058710415933e-13,356910
time,vader_pos,-0.10047040127502718,0.0,356910
time,vader_neg,-0.034667107630831744,2.4359543347230065e-95,356910
time,vader_neu,0.11704573441053327,0.0,356910
time,vader_compound,-0.02454523506849953,1.0650199149453101e-48,356910
focuspast,vader_pos,-0.12119470509201265,0.0,356910
focuspast,vader_neg,0.0003551290205139236,0.8319820182694199,356910
focuspast,vader_neu,0.11717332089842002,0.0,356910
focuspast,vader_compound,-0.03806589562741019,1.4524049297592843e-114,356910
focuspresent,vader_pos,-0.09684176789698797,0.0,356910
focuspresent,vader_neg,0.03966398188465684,3.1808984032503537e-124,356910
focuspresent,vader_neu,0.07120606389723888,0.0,356910
focuspresent,vader_compound,-0.07090569911562282,0.0,356910
focusfuture,vader_pos,-0.03445346429053281,3.4291587312313614e-94,356910
focusfuture,vader_neg,0.011889490994463844,1.2186608422094442e-12,356910
focusfuture,vader_neu,0.026597581043414763,7.123031476088968e-57,356910
focusfuture,vader_compound,-0.009308096172759284,2.6832747239777757e-08,356910
Conversation,vader_pos,0.07949623681044468,0.0,356910
Conversation,vader_neg,0.04778825173205553,1.785293707627527e-179,356910
Conversation,vader_neu,-0.10420540185028389,0.0,356910
Conversation,vader_compound,0.008086875997923787,1.3563142932973949e-06,356910
netspeak,vader_pos,0.012414615176294642,1.198098210534864e-13,356910
netspeak,vader_neg,0.04724409917294198,1.877197837719896e-175,356910
netspeak,vader_neu,-0.03892576144858869,1.0327824983129637e-119,356910
netspeak,vader_compound,-0.02100371171040972,4.007044167673963e-36,356910
assent,vader_pos,0.087778506169954,0.0,356910
assent,vader_neg,0.022946856455649187,8.766226342335594e-43,356910
assent,vader_neu,-0.09808306335665318,0.0,356910
assent,vader_compound,0.02244082407724429,5.411778395247362e-41,356910
nonflu,vader_pos,0.0016705115488081638,0.3182826110599713,356910
nonflu,vader_neg,0.021224178578713872,7.524793063611163e-37,356910
nonflu,vader_neu,-0.013705159757745746,2.654156771706851e-16,356910
nonflu,vader_compound,-0.012388482107035425,1.3477821934766893e-13,356910
filler,vader_pos,0.09534220468950808,0.0,356910
filler,vader_neg,-0.012290396836333681,2.0921208571960427e-13,356910
filler,vader_neu,-0.08533871256865533,0.0,356910
filler,vader_compound,0.05440675825077794,4.3380976256216645e-232,356910
AllPunc,vader_pos,-0.029643859202231886,3.290353768286781e-70,356910
AllPunc,vader_neg,-0.0037139730503351676,0.02650035989713791,356910
AllPunc,vader_neu,0.03082470935837475,9.148872772431207e-76,356910
AllPunc,vader_compound,-0.01620963728348428,3.5073292543666862e-22,356910
Period,vader_pos,-0.012614043532712168,4.840558654539148e-14,356910
Period,vader_neg,-0.0016088987074969298,0.3364593392568247,356910
Period,vader_neu,0.013132619973970833,4.295393950078432e-15,356910
Period,vader_compound,-0.007674349344597051,4.542972055314298e-06,356910
QMark,vader_pos,-0.005901525603191217,0.00042235789408495787,356910
QMark,vader_neg,-0.003040554572013606,0.0692961174258349,356910
QMark,vader_neu,0.007446472450207235,8.638612481931677e-06,356910
QMark,vader_compound,-0.003796652839090956,0.023317355555034378,356910
Exclam,vader_pos,0.00072304991009394,0.6657685785214514,356910
Exclam,vader_neg,-0.0026324321308710767,0.11579678486793626,356910
Exclam,vader_neu,0.0007986478662334429,0.6332722771519043,356910
Exclam,vader_compound,-0.00039133551760631694,0.8151475163620971,356910
Apostro,vader_pos,-0.03547634422309706,9.377330169631099e-100,356910
Apostro,vader_neg,0.001830216527361852,0.274216441162677,356910
Apostro,vader_neu,0.033316710090094306,3.366068534671526e-88,356910
Apostro,vader_compound,-0.018639634039737882,8.322888802396099e-29,356910
OtherP,vader_pos,-0.019004629540503058,7.026387607719531e-30,356910
OtherP,vader_neg,-0.00695541920313499,3.248064150922589e-05,356910
OtherP,vader_neu,0.022366544544690323,9.836487423062228e-41,356910
OtherP,vader_compound,-0.008496212204859506,3.857142713102283e-07,356910
Emoji,vader_pos,0.07875788870992274,0.0,356910
Emoji,vader_neg,0.04686564083246761,1.1052590087213477e-172,356910
Emoji,vader_neu,-0.10296524283754611,0.0,356910
Emoji,vader_compound,0.05670004750745074,6.468957806378325e-252,356910
Linguistic_norm,vader_pos,0.22839630019172938,0.0,356910
Linguistic_norm,vader_neg,0.0037616460084768074,0.02462210176168535,356910
Linguistic_norm,vader_neu,-0.22333963983156138,0.0,356910
Linguistic_norm,vader_compound,-0.03695615578887673,4.328840605415957e-108,356910
function_norm,vader_pos,0.041196694265660326,7.330918704111696e-134,356910
function_norm,vader_neg,-0.02999068848296384,8.087790426567835e-72,356910
function_norm,vader_neu,-0.022819052208289052,2.5047435871786363e-42,356910
function_norm,vader_compound,-0.0779861523714304,0.0,356910
pronoun_norm,vader_pos,0.08560230473998749,0.0,356910
pronoun_norm,vader_neg,-0.008521242119466112,3.5649884482359437e-07,356910
pronoun_norm,vader_neu,-0.07805142070323345,0.0,356910
pronoun_norm,vader_compound,-0.022932819325337552,9.840438362365344e-43,356910
ppron_norm,vader_pos,0.036895329170501506,9.676250745749645e-108,356910
ppron_norm,vader_neg,-0.005222625609293467,0.0018078445411593034,356910
ppron_norm,vader_neu,-0.032759271442085076,2.4670209758162863e-85,356910
ppron_norm,vader_compound,-0.022153885239745184,5.383536696383499e-40,356910
i_norm,vader_pos,0.02580585109326717,1.211672119054578e-53,356910
i_norm,vader_neg,0.0024022017344002295,0.1512531660489812,356910
i_norm,vader_neu,-0.026361606321951274,6.694590646005086e-56,356910
i_norm,vader_compound,-0.01307281280579561,5.707058689332399e-15,356910
we_norm,vader_pos,-0.013277046041321197,2.1514588640365696e-15,356910
we_norm,vader_neg,-0.0014567596651639935,0.3841397720185672,356910
we_norm,vader_neu,0.013688344237704504,2.8850385726960583e-16,356910
we_norm,vader_compound,-0.013454301960479153,9.116973709786655e-16,356910
you_norm,vader_pos,0.06158483384655723,6.877205427838478e-297,356910
you_norm,vader_neg,-0.005472422100208588,0.0010779699535151065,356910
you_norm,vader_neu,-0.05652746333515424,2.1453866539719387e-250,356910
you_norm,vader_compound,0.006842414106741688,4.354367798964898e-05,356910
shehe_norm,vader_pos,0.01991045325656415,1.241130119153908e-32,356910
shehe_norm,vader_neg,-0.005812724697622948,0.0005153431636120911,356910
shehe_norm,vader_neu,-0.01597223228118285,1.3916453570663522e-21,356910
shehe_norm,vader_compound,6.659041625616121e-05,0.9682667110431196,356910
they_norm,vader_pos,0.004044724770479451,0.015674888419315792,356910
they_norm,vader_neg,0.013869725613115402,1.1671463383646944e-16,356910
they_norm,vader_neu,-0.011815910642849951,1.6737170603913597e-12,356910
they_norm,vader_compound,-0.010662427250641584,1.889047737806406e-10,356910
ipron_norm,vader_pos,0.07891260897580286,0.0,356910
ipron_norm,vader_neg,-0.006652427779093956,7.058067536206256e-05,356910
ipron_norm,vader_neu,-0.0726360186060953,0.0,356910
ipron_norm,vader_compound,-0.011804153360474062,1.7604526469318007e-12,356910
det_norm,vader_pos,0.058192222761010486,2.9427005335766464e-265,356910
det_norm,vader_neg,-0.011061797369705929,3.876782393843876e-11,356910
det_norm,vader_neu,-0.05005758793723171,9.58186151181023e-197,356910
det_norm,vader_compound,-0.027499247672865098,1.1355544058927147e-60,356910
article_norm,vader_pos,0.0027240381888920433,0.10365414168815149,356910
article_norm,vader_neg,-0.028009971354455654,7.05373450662415e-63,356910
article_norm,vader_neu,0.013313287895033048,1.806690992538505e-15,356910
article_norm,vader_compound,-0.026980535414248184,1.7996430841346898e-58,356910
number_norm,vader_pos,-0.04447472595001371,1.0638673643580601e-155,356910
number_norm,vader_neg,-0.03388749808084725,3.4955061580479623e-91,356910
number_norm,vader_neu,0.06236937768475612,1.845111913254904e-304,356910
number_norm,vader_compound,-0.040854932029224106,1.1110649148174061e-131,356910
prep_norm,vader_pos,-0.052953415662204836,5.979256104046018e-220,356910
prep_norm,vader_neg,-0.047196062336096536,4.2299056299803994e-175,356910
prep_norm,vader_neu,0.07816028671855758,0.0,356910
prep_norm,vader_compound,-0.0544584941212419,1.5815492174296364e-232,356910
auxverb_norm,vader_pos,-0.05329374197451896,9.195650773724747e-223,356910
auxverb_norm,vader_neg,0.017690856334729943,4.1202190002479745e-26,356910
auxverb_norm,vader_neu,0.04154188116543986,4.4084428028963814e-136,356910
auxverb_norm,vader_compound,-0.0827418848687012,0.0,356910
adverb_norm,vader_pos,0.03648258110184871,2.1927828836135344e-105,356910
adverb_norm,vader_neg,-0.011501380246451053,6.359649492209235e-12,356910
adverb_norm,vader_neu,-0.02878373432451098,2.679905645249182e-66,356910
adverb_norm,vader_compound,-0.02338674506601445,2.2604429776408117e-44,356910
conj_norm,vader_pos,0.03447531158047997,2.618572466608037e-94,356910
conj_norm,vader_neg,0.019414468011330215,4.138474685532615e-31,356910
conj_norm,vader_neu,-0.04444467707917242,1.7165994010285632e-155,356910
conj_norm,vader_compound,-0.007963366964635501,1.9597703029499812e-06,356910
negate_norm,vader_pos,-0.04876951346117788,7.63117559385119e-187,356910
negate_norm,vader_neg,0.05778776283246353,1.3169797926245455e-261,356910
negate_norm,vader_neu,0.014325035241144833,1.143813818349598e-17,356910
negate_norm,vader_compound,-0.05965240200507847,1.1898764124942984e-278,356910
verb_norm,vader_pos,-0.022844462499416966,2.0338138482966033e-42,356910
verb_norm,vader_neg,0.045694408610766325,2.980971571073483e-164,356910
verb_norm,vader_neu,-0.0038955375817349555,0.01995086748607978,356910
verb_norm,vader_compound,-0.09548437833873394,0.0,356910
adj_norm,vader_pos,0.2616870525677812,0.0,356910
adj_norm,vader_neg,0.0022435693871377463,0.18013191351178243,356910
adj_norm,vader_neu,-0.2547166629846632,0.0,356910
adj_norm,vader_compound,0.03833496831690862,3.66000657155116e-116,356910
quantity_norm,vader_pos,-0.019688341709917435,6.033133430065736e-32,356910
quantity_norm,vader_neg,-0.0225130152423019,3.0221741603235495e-41,356910
quantity_norm,vader_neu,0.031888057724082736,5.93471401831806e-81,356910
quantity_norm,vader_compound,-0.020382946413902616,4.05196357278251e-34,356910
Drives_norm,vader_pos,0.11249504725860487,0.0,356910
Drives_norm,vader_neg,-0.004860305143886803,0.003688428203546784,356910
Drives_norm,vader_neu,-0.10618035044508994,0.0,356910
Drives_norm,vader_compound,0.02224537469009725,2.596127542368146e-40,356910
affiliation_norm,vader_pos,0.025548445986073705,1.2967641543894804e-52,356910
affiliation_norm,vader_neg,-0.012460213737369306,9.75063664478136e-14,356910
affiliation_norm,vader_neu,-0.017647796147165107,5.419143177824102e-26,356910
affiliation_norm,vader_compound,0.0011565150907951378,0.4896142950072233,356910
achieve_norm,vader_pos,0.1337410085385376,0.0,356910
achieve_norm,vader_neg,-0.025740713393676853,2.21242145833334e-53,356910
achieve_norm,vader_neu,-0.11486737534973744,0.0,356910
achieve_norm,vader_compound,0.04777659879705495,2.1793122090979323e-179,356910
power_norm,vader_pos,0.004661722122948274,0.0053526262670756455,356910
power_norm,vader_neg,0.03469539071488091,1.7143205274175854e-95,356910
power_norm,vader_neu,-0.02427011306094839,1.1849188043830939e-47,356910
power_norm,vader_compound,-0.02560062195398303,8.035529645785515e-53,356910
Cognition_norm,vader_pos,0.025975356676726027,2.5110857456049363e-54,356910
Cognition_norm,vader_neg,0.00017439624946863136,0.9170206745994134,356910
Cognition_norm,vader_neu,-0.025256103321623872,1.86054266445986e-51,356910
Cognition_norm,vader_compound,-0.06192971229521907,3.3187640476629716e-300,356910
allnone_norm,vader_pos,0.015979544398598382,1.3342039588288741e-21,356910
allnone_norm,vader_neg,0.03005055223187539,4.2477057053338037e-72,356910
allnone_norm,vader_neu,-0.032589857849149084,1.79205955323465e-84,356910
allnone_norm,vader_compound,-0.01732806232472515,4.061575552721028e-25,356910
cogproc_norm,vader_pos,0.06281794374195969,7.829091864364094e-309,356910
cogproc_norm,vader_neg,-0.01717897960341592,1.0261192158862918e-24,356910
cogproc_norm,vader_neu,-0.051056397252404066,1.3355656503385092e-204,356910
cogproc_norm,vader_compound,-0.015968866932444543,1.4188980141442147e-21,356910
insight_norm,vader_pos,-0.03516610344822286,4.748281155315995e-98,356910
insight_norm,vader_neg,-0.0026288290833887096,0.1162963145780497,356910
insight_norm,vader_neu,0.035555091969494815,3.443997110450272e-100,356910
insight_norm,vader_compound,-0.030270721513562436,3.9334713587064e-73,356910
cause_norm,vader_pos,-0.0374101162622367,1.0258054249092234e-110,356910
cause_norm,vader_neg,0.0020760354451699226,0.21487889182790187,356910
cause_norm,vader_neu,0.03504818748421804,2.0914425333678757e-97,356910
cause_norm,vader_compound,-0.03301260575612409,1.2476524858948571e-86,356910
discrep_norm,vader_pos,-0.03262031637658662,1.255598872491458e-84,356910
discrep_norm,vader_neg,-0.012983147525197813,8.717838973303556e-15,356910
discrep_norm,vader_neu,0.03898504291574524,4.5170235044165344e-120,356910
discrep_norm,vader_compound,-0.031174726888595978,1.875084661331174e-77,356910
tentat_norm,vader_pos,-0.026628602751835852,5.297900282327528e-57,356910
tentat_norm,vader_neg,-0.0072008021926007176,1.6930917140693867e-05,356910
tentat_norm,vader_neu,0.029889757719230955,2.3884032835203655e-71,356910
tentat_norm,vader_compound,-0.028284245381108734,4.432411312427896e-64,356910
certitude_norm,vader_pos,0.12410921782958427,0.0,356910
certitude_norm,vader_neg,-0.016915175442955892,5.18872638756902e-24,356910
certitude_norm,vader_neu,-0.11056609136542692,0.0,356910
certitude_norm,vader_compound,0.0286321266634827,1.2752079448662324e-65,356910
differ_norm,vader_pos,-0.03684284081765326,1.935053317986557e-107,356910
differ_norm,vader_neg,0.005577739279388175,0.0008614244039355275,356910
differ_norm,vader_neu,0.03250516120056571,4.810847951516512e-84,356910
differ_norm,vader_compound,-0.04108395856187897,3.858918433989091e-133,356910
memory_norm,vader_pos,-0.024908350227897464,4.250722722498844e-50,356910
memory_norm,vader_neg,-0.008966973613363348,8.45527044375448e-08,356910
memory_norm,vader_neu,0.0292291415464686,2.6134662084440658e-68,356910
memory_norm,vader_compound,-0.0196770167513626,6.536628120288382e-32,356910
Affect_norm,vader_pos,0.3659264046594504,0.0,356910
Affect_norm,vader_neg,0.06809704939387298,0.0,356910
Affect_norm,vader_neu,-0.39317096052605127,0.0,356910
Affect_norm,vader_compound,0.060626403963453784,9.037940597611589e-288,356910
tone_pos_norm,vader_pos,0.41061314301460217,0.0,356910
tone_pos_norm,vader_neg,-0.0698171587173165,0.0,356910
tone_pos_norm,vader_neu,-0.35791402169397174,0.0,356910
tone_pos_norm,vader_compound,0.1234565078426296,0.0,356910
tone_neg_norm,vader_pos,-0.04681636071388863,2.5264171911941748e-172,356910
tone_neg_norm,vader_neg,0.26429040414068194,0.0,356910
tone_neg_norm,vader_neu,-0.10515776595182677,0.0,356910
tone_neg_norm,vader_compound,-0.11020411880815104,0.0,356910
emotion_norm,vader_pos,0.27532883069515834,0.0,356910
emotion_norm,vader_neg,0.051336706125873384,7.816632962173248e-207,356910
emotion_norm,vader_neu,-0.29588426289088765,0.0,356910
emotion_norm,vader_compound,0.08449738009966021,0.0,356910
emo_pos_norm,vader_pos,0.353974008050618,0.0,356910
emo_pos_norm,vader_neg,-0.06640593019715679,0.0,356910
emo_pos_norm,vader_neu,-0.3050017029892296,0.0,356910
emo_pos_norm,vader_compound,0.1546823631870763,0.0,356910
emo_neg_norm,vader_pos,-0.029143514627904817,6.400102839026284e-68,356910
emo_neg_norm,vader_neg,0.17906835244833813,0.0,356910
emo_neg_norm,vader_neu,-0.07374571862860915,0.0,356910
emo_neg_norm,vader_compound,-0.07050351255921768,0.0,356910
emo_anx_norm,vader_pos,-0.008831841895351487,1.3174739547766517e-07,356910
emo_anx_norm,vader_neg,0.04053324226433898,1.2068507297263132e-129,356910
emo_anx_norm,vader_neu,-0.014527707324606075,3.972940127514497e-18,356910
emo_anx_norm,vader_compound,-0.017057504938833155,2.1708835785439134e-24,356910
emo_anger_norm,vader_pos,-0.015222538798887042,9.4816693796006e-20,356910
emo_anger_norm,vader_neg,0.07505343226241204,0.0,356910
emo_anger_norm,vader_neu,-0.02799781687770378,7.969049690937106e-63,356910
emo_anger_norm,vader_compound,-0.03403923423006304,5.5188976352812955e-92,356910
emo_sad_norm,vader_pos,-0.01428007923794621,1.443346457262872e-17,356910
emo_sad_norm,vader_neg,0.10787707871919752,0.0,356910
emo_sad_norm,vader_neu,-0.047601363759656866,4.347018454805561e-178,356910
emo_sad_norm,vader_compound,-0.03952488424256438,2.28606892602129e-123,356910
swear_norm,vader_pos,-0.012481689906101288,8.846860611449566e-14,356910
swear_norm,vader_neg,0.2567922437867268,0.0,356910
swear_norm,vader_neu,-0.13414482636941127,0.0,356910
swear_norm,vader_compound,-0.10533389152739117,0.0,356910
Social_norm,vader_pos,0.172278702173121,0.0,356910
Social_norm,vader_neg,0.009233870130246671,3.456367939138352e-08,356910
Social_norm,vader_neu,-0.1721064422347567,0.0,356910
Social_norm,vader_compound,0.021503736512316362,8.804519407668845e-38,356910
socbehav_norm,vader_pos,0.226230718422622,0.0,356910
socbehav_norm,vader_neg,0.007761416875786429,3.5371617398972e-06,356910
socbehav_norm,vader_neu,-0.22351904299875366,0.0,356910
socbehav_norm,vader_compound,0.059158228028087824,4.421650164692856e-274,356910
prosocial_norm,vader_pos,0.12605435728439324,0.0,356910
prosocial_norm,vader_neg,-0.015135698652777512,1.5264337602070984e-19,356910
prosocial_norm,vader_neu,-0.1134622384347699,0.0,356910
prosocial_norm,vader_compound,0.02590606903318423,4.784073804686037e-54,356910
polite_norm,vader_pos,0.1278560261350248,0.0,356910
polite_norm,vader_neg,-0.02558079744501089,9.63909749350454e-53,356910
polite_norm,vader_neu,-0.10925902351250671,0.0,356910
polite_norm,vader_compound,0.02765229567613028,2.501146752735196e-61,356910
conflict_norm,vader_pos,-0.02068744904963502,4.282144053165613e-35,356910
conflict_norm,vader_neg,0.10180468151586052,0.0,356910
conflict_norm,vader_neu,-0.03793582109104055,8.52802744151596e-114,356910
conflict_norm,vader_compound,-0.04807560949289343,1.2860041479496224e-181,356910
moral_norm,vader_pos,-0.005663825474913018,0.000715174563826547,356910
moral_norm,vader_neg,0.06000040635364953,6.8272325741471946e-282,356910
moral_norm,vader_neu,-0.028682898336344596,7.570129892060837e-66,356910
moral_norm,vader_compound,-0.0263130568509609,1.0588945969498676e-55,356910
comm_norm,vader_pos,0.08901940267806287,0.0,356910
comm_norm,vader_neg,0.0008621705367050648,0.6065000945067621,356910
comm_norm,vader_neu,-0.08670509677751287,0.0,356910
comm_norm,vader_compound,0.007355573979380197,1.1107553410140236e-05,356910
socrefs_norm,vader_pos,-0.0008111075054758651,0.627981552553832,356910
socrefs_norm,vader_neg,-0.0073269343537175746,1.2016045487378219e-05,356910
socrefs_norm,vader_neu,0.004957835060612988,0.0030573224614409353,356910
socrefs_norm,vader_compound,-0.03718685377909958,2.0240372720668414e-109,356910
family_norm,vader_pos,-0.01392915687347571,8.65469584888375e-17,356910
family_norm,vader_neg,-0.007593058609611094,5.725233299654083e-06,356910
family_norm,vader_neu,0.017813424102800367,1.881933978996446e-26,356910
family_norm,vader_compound,-0.01240209871162326,1.2676311286353905e-13,356910
friend_norm,vader_pos,0.018770768840750584,3.4429881041086873e-29,356910
friend_norm,vader_neg,0.0007782576080280249,0.6419710768256016,356910
friend_norm,vader_neu,-0.018621467674667005,9.400910869257394e-29,356910
friend_norm,vader_compound,0.004410899155221708,0.008409749759795264,356910
female_norm,vader_pos,0.0005617058615145025,0.7371929941421822,356910
female_norm,vader_neg,0.0011054456229399822,0.508989085019884,356910
female_norm,vader_neu,-0.0011735595644590505,0.4832374301782734,356910
female_norm,vader_compound,-0.00711615250100373,2.1246981207873005e-05,356910
male_norm,vader_pos,-0.0019264841251051797,0.24976674342042687,356910
male_norm,vader_neg,-0.005242842130306705,0.0017350966669775415,356910
male_norm,vader_neu,0.004852085032790206,0.0037466916531663993,356910
male_norm,vader_compound,-0.017240247671878414,7.017717950076839e-25,356910
Culture_norm,vader_pos,-0.01686876730425488,6.882989526980873e-24,356910
Culture_norm,vader_neg,-0.00602358767909459,0.0003198997994467982,356910
Culture_norm,vader_neu,0.019766854047824602,3.456741377030298e-32,356910
Culture_norm,vader_compound,-0.017980394763631887,6.416268551071389e-27,356910
politic_norm,vader_pos,-0.006681519457689113,6.56012586281637e-05,356910
politic_norm,vader_neg,0.00652114051690417,9.784122751616014e-05,356910
politic_norm,vader_neu,0.002757296365001218,0.09950464846986459,356910
politic_norm,vader_compound,-0.01043993792536982,4.4555744826614354e-10,356910
ethnicity_norm,vader_pos,-0.010323784584521187,6.925870863209596e-10,356910
ethnicity_norm,vader_neg,-0.004747667472754042,0.0045631701709995184,356910
ethnicity_norm,vader_neu,0.012701140496873159,3.244103847279798e-14,356910
ethnicity_norm,vader_compound,-0.009370644144332831,2.1645348582973653e-08,356910
tech_norm,vader_pos,-0.011822605733249298,1.6262142663240829e-12,356910
tech_norm,vader_neg,-0.007958862523364337,1.9860568438700068e-06,356910
tech_norm,vader_neu,0.015982271095057583,1.3133898815030483e-21,356910
tech_norm,vader_compound,-0.01197869857436678,8.273923432594506e-13,356910
Lifestyle_norm,vader_pos,0.1110119146712135,0.0,356910
Lifestyle_norm,vader_neg,-0.007486875375865726,7.718320351321453e-06,356910
Lifestyle_norm,vader_neu,-0.10325068729119335,0.0,356910
Lifestyle_norm,vader_compound,0.013910807116443945,9.493114231695848e-17,356910
leisure_norm,vader_pos,0.13468812014553616,0.0,356910
leisure_norm,vader_neg,-0.04319375376453909,5.751735229672062e-147,356910
leisure_norm,vader_neu,-0.10584677925800343,0.0,356910
leisure_norm,vader_compound,0.041952689828328976,9.485425071486267e-139,356910
home_norm,vader_pos,-0.010631467012492153,2.1308346748571267e-10,356910
home_norm,vader_neg,-0.0014945421652596135,0.371928973771715,356910
home_norm,vader_neu,0.011148235589232579,2.7316434152599393e-11,356910
home_norm,vader_compound,-0.009519680523878037,1.2902490461540712e-08,356910
work_norm,vader_pos,-0.00019382092170761782,0.9078174035288717,356910
work_norm,vader_neg,-0.011675240080005738,3.0537343036776573e-12,356910
work_norm,vader_neu,0.006835494209034663,4.4326041229663864e-05,356910
work_norm,vader_compound,-0.0076233293927536385,5.254143639269234e-06,356910
money_norm,vader_pos,-0.012561489037423192,6.154704701913276e-14,356910
money_norm,vader_neg,-0.003142456770473235,0.06046837855597646,356910
money_norm,vader_neu,0.013956204960128043,7.55032068479642e-17,356910
money_norm,vader_compound,-0.013151881050599801,3.918702742606026e-15,356910
relig_norm,vader_pos,0.024873488262683905,5.802998912571832e-50,356910
relig_norm,vader_neg,0.06883432890516096,0.0,356910
relig_norm,vader_neu,-0.06328889929757668,1.85876316075e-313,356910
relig_norm,vader_compound,-0.02635224343433239,7.31399873189975e-56,356910
Physical_norm,vader_pos,-0.018876406809726326,1.6834666999394942e-29,356910
Physical_norm,vader_neg,0.07114356905261293,0.0,356910
Physical_norm,vader_neu,-0.02223071718655309,2.9184889972304975e-40,356910
Physical_norm,vader_compound,-0.05384855187986537,2.1820251720150383e-227,356910
health_norm,vader_pos,-0.02056786560032304,1.0391064941140894e-34,356910
health_norm,vader_neg,0.043959506338235574,3.715866847231392e-152,356910
health_norm,vader_neu,-0.005114047303103593,0.0022488003460742457,356910
health_norm,vader_compound,-0.0310154075127203,1.106291313948555e-76,356910
illness_norm,vader_pos,-0.019690889876317997,5.925262699861234e-32,356910
illness_norm,vader_neg,0.04703605759943569,6.294170254798492e-174,356910
illness_norm,vader_neu,-0.0077150600441753606,4.042614344991121e-06,356910
illness_norm,vader_compound,-0.027797036758076037,5.934684784120092e-62,356910
wellness_norm,vader_pos,-0.002356507820263012,0.15918418962792985,356910
wellness_norm,vader_neg,-0.005469428693651281,0.001084803726043875,356910
wellness_norm,vader_neu,0.005396662813401298,0.0012637653700612035,356910
wellness_norm,vader_compound,-0.001948170011703033,0.2444760154161162,356910
mental_norm,vader_pos,-0.0071973226109668985,1.7090515615209587e-05,356910
mental_norm,vader_neg,0.010229562587982686,9.87125224442405e-10,356910
mental_norm,vader_neu,0.0011444034878652452,0.49417300320800334,356910
mental_norm,vader_compound,-0.010460340324791238,4.121384016899993e-10,356910
substances_norm,vader_pos,-0.008668793534241971,2.230963662784171e-07,356910
substances_norm,vader_neg,0.0038229363729428913,0.022377591247176826,356910
substances_norm,vader_neu,0.00621822902650135,0.00020327292050032692,356910
substances_norm,vader_compound,-0.009718822635384686,6.3856869999540174e-09,356910
sexual_norm,vader_pos,0.011311811608462565,1.3982382669344364e-11,356910
sexual_norm,vader_neg,0.002099781988915193,0.20967936348792385,356910
sexual_norm,vader_neu,-0.012149497163603296,3.9115080453481224e-13,356910
sexual_norm,vader_compound,-0.005367430585498101,0.00134304605014287,356910
food_norm,vader_pos,0.0018202709024257812,0.27683253574736155,356910
food_norm,vader_neg,-0.008748642044263169,1.7257088477636032e-07,356910
food_norm,vader_neu,0.0032188458126273236,0.054480132342332205,356910
food_norm,vader_compound,-0.006834831712150806,4.440163843471505e-05,356910
death_norm,vader_pos,-0.025240051224741756,2.1516609589683195e-51,356910
death_norm,vader_neg,0.10784200604735206,0.0,356910
death_norm,vader_neu,-0.03696255099004693,3.977495529666028e-108,356910
death_norm,vader_compound,-0.05994514879678643,2.2396032117240003e-281,356910
need_norm,vader_pos,-0.0320127961007886,1.423395644522973e-81,356910
need_norm,vader_neg,-0.005510757493931991,0.0009939021522538296,356910
need_norm,vader_neu,0.03414247524702095,1.564456151370514e-92,356910
need_norm,vader_compound,-0.02511388068679154,6.72396540471931e-51,356910
want_norm,vader_pos,0.02340637388324743,1.9169427337798132e-44,356910
want_norm,vader_neg,-0.004135679547661582,0.013483482206621714,356910
want_norm,vader_neu,-0.02031399431528935,6.709470460152256e-34,356910
want_norm,vader_compound,0.0025533470786970273,0.12715528252182914,356910
acquire_norm,vader_pos,-0.03562911203844198,1.3405563696336093e-100,356910
acquire_norm,vader_neg,-0.00690903115581929,3.6653015458424806e-05,356910
acquire_norm,vader_neu,0.03844088994273222,8.532919742628292e-117,356910
acquire_norm,vader_compound,-0.029048299248972228,1.727349065610674e-67,356910
lack_norm,vader_pos,0.015205976557492503,1.0385175918537741e-19,356910
lack_norm,vader_neg,-0.0025257004574102296,0.13132441613888934,356910
lack_norm,vader_neu,-0.013288385215169967,2.0371514098764377e-15,356910
lack_norm,vader_compound,0.00019196256419674778,0.9086973647647889,356910
fulfill_norm,vader_pos,-0.00872777480466463,1.8458883898248326e-07,356910
fulfill_norm,vader_neg,-0.0015736089816908508,0.34716529288280273,356910
fulfill_norm,vader_neu,0.009348105254980572,2.339122898161073e-08,356910
fulfill_norm,vader_compound,-0.00860819532919076,2.707017091533898e-07,356910
fatigue_norm,vader_pos,0.0009744558245618929,0.5604609592878795,356910
fatigue_norm,vader_neg,0.04467670449394555,4.232536254357432e-157,356910
fatigue_norm,vader_neu,-0.026384847095287305,5.373675851122074e-56,356910
fatigue_norm,vader_compound,-0.010260080040978071,8.803871471834556e-10,356910
reward_norm,vader_pos,0.034419008016033245,5.245134332738994e-94,356910
reward_norm,vader_neg,-0.005845399975737926,0.00047910739332104234,356910
reward_norm,vader_neu,-0.030005508473264827,6.896751603810981e-72,356910
reward_norm,vader_compound,0.014598836300482684,2.7317832270197323e-18,356910
risk_norm,vader_pos,0.011829424544936502,1.5791936990004205e-12,356910
risk_norm,vader_neg,0.04584191626893184,2.656530722989582e-165,356910
risk_norm,vader_neu,-0.037560275872363734,1.3665590975569593e-111,356910
risk_norm,vader_compound,-0.014738364949736306,1.3034807589444768e-18,356910
curiosity_norm,vader_pos,0.02832671495815839,2.8807848046674633e-64,356910
curiosity_norm,vader_neg,-0.0015716052258702908,0.34777961321313466,356910
curiosity_norm,vader_neu,-0.02653862168059398,1.249095254541982e-56,356910
curiosity_norm,vader_compound,0.002414954704864497,0.14909430056787215,356910
allure_norm,vader_pos,0.2947836115933193,0.0,356910
allure_norm,vader_neg,-0.06094916974014628,7.966940374457893e-291,356910
allure_norm,vader_neu,-0.2507846525493044,0.0,356910
allure_norm,vader_compound,0.09437404454975361,0.0,356910
Perception_norm,vader_pos,0.10626132436995653,0.0,356910
Perception_norm,vader_neg,-0.03977059640488506,6.98231601078202e-125,356910
Perception_norm,vader_neu,-0.08026496717228071,0.0,356910
Perception_norm,vader_compound,-0.024795649733919366,1.1609700800638145e-49,356910
attention_norm,vader_pos,-0.014922272747231468,4.864047065879576e-19,356910
attention_norm,vader_neg,0.0085915856576236,2.853765336036899e-07,356910
attention_norm,vader_neu,0.009559045480598837,1.1239997704498105e-08,356910
attention_norm,vader_compound,-0.015610547787634413,1.0934167120305555e-20,356910
motion_norm,vader_pos,-0.0629395335964846,5.04783183613162e-310,356910
motion_norm,vader_neg,0.0029997462231307983,0.0731162288813845,356910
motion_norm,vader_neu,0.05924802469751474,6.576482472412134e-275,356910
motion_norm,vader_compound,-0.05187986258342995,3.403321934422198e-211,356910
space_norm,vader_pos,-0.007895836262624554,2.391323876103641e-06,356910
space_norm,vader_neg,-0.03220510924854434,1.5581528258864766e-82,356910
space_norm,vader_neu,0.025986037433394636,2.2732281649067313e-54,356910
space_norm,vader_compound,-0.048770150781050244,7.546689681550389e-187,356910
visual_norm,vader_pos,-0.02795533578645946,1.2201778132117713e-62,356910
visual_norm,vader_neg,-0.011044155299888492,4.162601758930985e-11,356910
visual_norm,vader_neu,0.033363555083183574,1.9237985551557034e-88,356910
visual_norm,vader_compound,-0.024381336605576814,4.488460289755537e-48,356910
auditory_norm,vader_pos,0.14073892939896654,0.0,356910
auditory_norm,vader_neg,-0.04176013030872672,1.7003697732447894e-137,356910
auditory_norm,vader_neu,-0.11252268958706464,0.0,356910
auditory_norm,vader_compound,0.041229886067286295,4.49172807280914e-134,356910
feeling_norm,vader_pos,0.09699560242858304,0.0,356910
feeling_norm,vader_neg,-0.007321945027120114,1.2181399430039815e-05,356910
feeling_norm,vader_neu,-0.0897692530283006,0.0,356910
feeling_norm,vader_compound,-0.003174788547026207,0.0578703742400421,356910
time_norm,vader_pos,-0.03905346612227409,1.73632722234929e-120,356910
time_norm,vader_neg,-0.021367848612003575,2.5069002271594326e-37,356910
time_norm,vader_neu,0.04999038267765647,3.194777442331468e-196,356910
time_norm,vader_compound,-0.03978619685085458,5.590986573058948e-125,356910
focuspast_norm,vader_pos,-0.054300536617558084,3.433318772347951e-231,356910
focuspast_norm,vader_neg,0.003412159388308772,0.04150103560874649,356910
focuspast_norm,vader_neu,0.05064690896876924,2.3183466726643996e-201,356910
focuspast_norm,vader_compound,-0.0505723043649226,8.965345567127379e-201,356910
focuspresent_norm,vader_pos,-0.04271521005372795,9.05097495697388e-144,356910
focuspresent_norm,vader_neg,0.030125826584178648,1.886663916502906e-72,356910
focuspresent_norm,vader_neu,0.02421583320019518,1.899946402088911e-47,356910
focuspresent_norm,vader_compound,-0.07916724469241956,0.0,356910
focusfuture_norm,vader_pos,-0.015658468715195453,8.343025466726146e-21,356910
focusfuture_norm,vader_neg,0.0034949054512860103,0.03680473074142897,356910
focusfuture_norm,vader_neu,0.013175138824491527,3.506993444001639e-15,356910
focusfuture_norm,vader_compound,-0.01930068231283442,9.138957217129215e-31,356910
Conversation_norm,vader_pos,0.04756713520053696,7.789973210793455e-178,356910
Conversation_norm,vader_neg,0.031997361966278406,1.698945597582569e-81,356910
Conversation_norm,vader_neu,-0.06429107188158206,2e-323,356910
Conversation_norm,vader_compound,-0.013251213656160481,2.43598218533868e-15,356910
netspeak_norm,vader_pos,0.0021413288457914352,0.20080252511027588,356910
netspeak_norm,vader_neg,0.02387153618789046,3.704982990353503e-46,356910
netspeak_norm,vader_neu,-0.015668095234885212,7.901051054206575e-21,356910
netspeak_norm,vader_compound,-0.023563020502137634,5.1191861309054785e-45,356910
assent_norm,vader_pos,0.06223325420036814,3.860322118967611e-303,356910
assent_norm,vader_neg,0.022163177934399092,4.9998249872405165e-40,356910
assent_norm,vader_neu,-0.07289545087551548,0.0,356910
assent_norm,vader_compound,0.0014475155985623639,0.3871642727020405,356910
nonflu_norm,vader_pos,0.0029744414056867407,0.07557040222157106,356910
nonflu_norm,vader_neg,0.025813013820836422,1.1339441737525842e-53,356910
nonflu_norm,vader_neu,-0.017581773894224415,8.238533475856656e-26,356910
nonflu_norm,vader_compound,-0.01184195201161774,1.4962590082267354e-12,356910
filler_norm,vader_pos,0.057734072651364376,4.002083845993506e-261,356910
filler_norm,vader_neg,-0.009863797183314073,3.793681185089e-09,356910
filler_norm,vader_neu,-0.050297821724341295,1.2770024186649073e-198,356910
filler_norm,vader_compound,0.02392389671011245,2.364710379127302e-46,356910
AllPunc_norm,vader_pos,-0.013239537403793468,2.5764518597441262e-15,356910
AllPunc_norm,vader_neg,-0.0019399131997113004,0.2464810873572582,356910
AllPunc_norm,vader_neu,0.013927150778715763,8.742678096475158e-17,356910
AllPunc_norm,vader_compound,-0.013163162161643231,3.7133835490303296e-15,356910
Period_norm,vader_pos,-0.007736777744457894,3.797750073469984e-06,356910
Period_norm,vader_neg,0.00011619222876838888,0.9446590867930134,356910
Period_norm,vader_neu,0.00742688141358772,9.121745560424155e-06,356910
Period_norm,vader_compound,-0.007703849620455491,4.174860979302987e-06,356910
Comma_norm,vader_pos,,,356910
Comma_norm,vader_neg,,,356910
Comma_norm,vader_neu,,,356910
Comma_norm,vader_compound,,,356910
QMark_norm,vader_pos,-0.0046439740820537765,0.005530266661429098,356910
QMark_norm,vader_neg,-0.0027873113021641095,0.09587457834682003,356910
QMark_norm,vader_neu,0.006084725905046022,0.0002778140655743158,356910
QMark_norm,vader_compound,-0.0029804832275814493,0.07497841311448959,356910
Exclam_norm,vader_pos,-0.0012662193185429861,0.44937242508971686,356910
Exclam_norm,vader_neg,-0.002185505062190674,0.1916681315839952,356910
Exclam_norm,vader_neu,0.0024707892976096116,0.1399184801183114,356910
Exclam_norm,vader_compound,-0.001281649391589039,0.4438667848100828,356910
Apostro_norm,vader_pos,-0.019567789022799577,1.4128147077645805e-31,356910
Apostro_norm,vader_neg,0.0016860743718399014,0.31379504331679753,356910
Apostro_norm,vader_neu,0.01799155604815652,5.968855699963147e-27,356910
Apostro_norm,vader_compound,-0.021421907162857596,1.6546177930504313e-37,356910
OtherP_norm,vader_pos,-0.009961203026755223,2.6627593056460013e-09,356910
OtherP_norm,vader_neg,-0.005471120662936336,0.0010809361514070564,356910
OtherP_norm,vader_neu,0.012762808240141149,2.4397062892478588e-14,356910
OtherP_norm,vader_compound,-0.007240106720937382,1.5224005227108907e-05,356910
Emoji_norm,vader_pos,0.04776765435855143,2.5397099713231333e-179,356910
Emoji_norm,vader_neg,0.026103171377635934,7.612290281414428e-55,356910
Emoji_norm,vader_neu,-0.06112818434082142,1.5848750170408502e-292,356910
Emoji_norm,vader_compound,0.023956232930912768,1.7911639571686193e-46,356910
